-- Inserts for director

INSERT INTO director (Director_ID, Director_Name) VALUES (1, 'Andy Muschietti');
INSERT INTO director (Director_ID, Director_Name) VALUES (2, 'Zack Snyder');
INSERT INTO director (Director_ID, Director_Name) VALUES (3, 'Jeff Wamster');
INSERT INTO director (Director_ID, Director_Name) VALUES (4, 'Ernie Altbacker');
INSERT INTO director (Director_ID, Director_Name) VALUES (5, 'Josie Campbell');
INSERT INTO director (Director_ID, Director_Name) VALUES (6, 'Curt Geda');
INSERT INTO director (Director_ID, Director_Name) VALUES (7, 'Michael Bay');
INSERT INTO director (Director_ID, Director_Name) VALUES (8, 'Martin Scorsese');
INSERT INTO director (Director_ID, Director_Name) VALUES (9, 'Vijay Kanakamedala');
INSERT INTO director (Director_ID, Director_Name) VALUES (10, 'Tyler Spindel');
INSERT INTO director (Director_ID, Director_Name) VALUES (11, 'Hernán Jimenez');
INSERT INTO director (Director_ID, Director_Name) VALUES (12, 'Jesse V. Johnson');
INSERT INTO director (Director_ID, Director_Name) VALUES (13, 'Robert Rodriguez');
INSERT INTO director (Director_ID, Director_Name) VALUES (14, 'Christopher Landon');
INSERT INTO director (Director_ID, Director_Name) VALUES (15, 'Daina Reid');
INSERT INTO director (Director_ID, Director_Name) VALUES (16, 'Adrian Grunberg');
INSERT INTO director (Director_ID, Director_Name) VALUES (17, 'Carlos Mirabella Davis');
INSERT INTO director (Director_ID, Director_Name) VALUES (18, 'Adam Salky');
INSERT INTO director (Director_ID, Director_Name) VALUES (19, 'Matt Angel');
INSERT INTO director (Director_ID, Director_Name) VALUES (20, 'Suzanne Coote');
INSERT INTO director (Director_ID, Director_Name) VALUES (21, 'Jim Strouse');
INSERT INTO director (Director_ID, Director_Name) VALUES (22, 'Domingo Gonzalez');
INSERT INTO director (Director_ID, Director_Name) VALUES (23, 'Richard Tanne');
INSERT INTO director (Director_ID, Director_Name) VALUES (24, 'Peter Thorwarth');
INSERT INTO director (Director_ID, Director_Name) VALUES (25, 'Brett Donowho');
INSERT INTO director (Director_ID, Director_Name) VALUES (26, 'Ethan Coen');
INSERT INTO director (Director_ID, Director_Name) VALUES (27, 'Joel Coen');
INSERT INTO director (Director_ID, Director_Name) VALUES (28, 'George Lucas');
INSERT INTO director (Director_ID, Director_Name) VALUES (29, 'Irwin Kreshner');
INSERT INTO director (Director_ID, Director_Name) VALUES (30, 'Richard Marquand');
INSERT INTO director (Director_ID, Director_Name) VALUES (31, 'Nicholas D. Johnson');
INSERT INTO director (Director_ID, Director_Name) VALUES (32, 'Will Merrick');
INSERT INTO director (Director_ID, Director_Name) VALUES (33, 'Scott Cooper');
INSERT INTO director (Director_ID, Director_Name) VALUES (34, 'Jamie Payne');

-- Insert for genre
INSERT INTO genre (Category_ID, Category_Name) VALUES (1, 'Action');
INSERT INTO genre (Category_ID, Category_Name) VALUES (2, 'Adventure');
INSERT INTO genre (Category_ID, Category_Name) VALUES (3, 'Animation');
INSERT INTO genre (Category_ID, Category_Name) VALUES (4, 'Crime');
INSERT INTO genre (Category_ID, Category_Name) VALUES (5, 'Drama');
INSERT INTO genre (Category_ID, Category_Name) VALUES (6, 'Comedy');
INSERT INTO genre (Category_ID, Category_Name) VALUES (7, 'Fantasy');
INSERT INTO genre (Category_ID, Category_Name) VALUES (8, 'Thriller');
INSERT INTO genre (Category_ID, Category_Name) VALUES (9, 'Horror');
INSERT INTO genre (Category_ID, Category_Name) VALUES (10, 'Psychological');
INSERT INTO genre (Category_ID, Category_Name) VALUES (11, 'Romance');
INSERT INTO genre (Category_ID, Category_Name) VALUES (12, 'Western');
INSERT INTO genre (Category_ID, Category_Name) VALUES (13, 'Sci-Fi');
INSERT INTO genre (Category_ID, Category_Name) VALUES (14, 'Mystery');

-- Insert for movies
INSERT INTO movie (Movie_ID, Movie_Title, Duration, Year) VALUES (1, 'The flash', 140, 2023);
INSERT INTO movie (Movie_ID, Movie_Title, Duration, Year) VALUES (2, 'Man of Steel', 145, 2013);
INSERT INTO movie (Movie_ID, Movie_Title, Duration, Year) VALUES (3, 'Justice League', 240, 2021);
INSERT INTO movie (Movie_ID, Movie_Title, Duration, Year) VALUES (4, 'Justice League War World', 90, 2023);
INSERT INTO movie (Movie_ID, Movie_Title, Duration, Year) VALUES (5, 'Scooby Doo Spooky Games', 25, 2012);
INSERT INTO movie (Movie_ID, Movie_Title, Duration, Year) VALUES (6, 'Ambulance', 140, 2022);
INSERT INTO movie (Movie_ID, Movie_Title, Duration, Year) VALUES (7, 'Goodfellas', 145, 1990);
INSERT INTO movie (Movie_ID, Movie_Title, Duration, Year) VALUES (8, 'Casino', 180, 1995);
INSERT INTO movie (Movie_ID, Movie_Title, Duration, Year) VALUES (9, 'Ugram', 145, 2023);
INSERT INTO movie (Movie_ID, Movie_Title, Duration, Year) VALUES (10, 'The Out Laws', 95, 2023);
INSERT INTO movie (Movie_ID, Movie_Title, Duration, Year) VALUES (11, 'Love Hard', 95, 2021);
INSERT INTO movie (Movie_ID, Movie_Title, Duration, Year) VALUES (12, 'One Rangar', 90, 2023);
INSERT INTO movie (Movie_ID, Movie_Title, Duration, Year) VALUES (13, 'Hypnotic', 88, 2023);
INSERT INTO movie (Movie_ID, Movie_Title, Duration, Year) VALUES (14, 'Happy Death Day', 95, 2013);
INSERT INTO movie (Movie_ID, Movie_Title, Duration, Year) VALUES (15, 'Happy Death Day 2U', 95, 2019);
INSERT INTO movie (Movie_ID, Movie_Title, Duration, Year) VALUES (16, 'Run Rabbit Run', 95, 2023);
INSERT INTO movie (Movie_ID, Movie_Title, Duration, Year) VALUES (17, 'The Black Demon', 100, 2023);
INSERT INTO movie (Movie_ID, Movie_Title, Duration, Year) VALUES (18, 'Swallow', 95, 2019);
INSERT INTO movie (Movie_ID, Movie_Title, Duration, Year) VALUES (19, 'Intrusion', 92, 2021);
INSERT INTO movie (Movie_ID, Movie_Title, Duration, Year) VALUES (20, 'Hypnotic', 88, 2021);
INSERT INTO movie (Movie_ID, Movie_Title, Duration, Year) VALUES (21, 'Love Again', 105, 2023);
INSERT INTO movie (Movie_ID, Movie_Title, Duration, Year) VALUES (22, 'My Fault', 117, 2023);
INSERT INTO movie (Movie_ID, Movie_Title, Duration, Year) VALUES (23, 'Chemical Hearts', 93, 2020);
INSERT INTO movie (Movie_ID, Movie_Title, Duration, Year) VALUES (24, 'Blood & Gold', 100, 2023);
INSERT INTO movie (Movie_ID, Movie_Title, Duration, Year) VALUES (25, 'The Old Way', 95, 2023);
INSERT INTO movie (Movie_ID, Movie_Title, Duration, Year) VALUES (26, 'True Grit', 110, 2010);
INSERT INTO movie (Movie_ID, Movie_Title, Duration, Year) VALUES (27, 'Star Wars IV A New Hope', 105, 1977);
INSERT INTO movie (Movie_ID, Movie_Title, Duration, Year) VALUES (28, 'Star Wars V Empire Strikes Back', 124, 1980);
INSERT INTO movie (Movie_ID, Movie_Title, Duration, Year) VALUES (29, 'Star Wars VI Return of the Jedi', 131, 1983);
INSERT INTO movie (Movie_ID, Movie_Title, Duration, Year) VALUES (30, 'Transformers', 144, 2007);
INSERT INTO movie (Movie_ID, Movie_Title, Duration, Year) VALUES (31, 'Transformers: Revenge of the Fallen', 149, 2009);
INSERT INTO movie (Movie_ID, Movie_Title, Duration, Year) VALUES (32, 'Missing', 131, 2023);
INSERT INTO movie (Movie_ID, Movie_Title, Duration, Year) VALUES (33, 'The Pale Blue Eye', 128, 2022);
INSERT INTO movie (Movie_ID, Movie_Title, Duration, Year) VALUES (34, 'Luther: The Fallen Sun', 129, 2023);

-- moviestar inserts
INSERT INTO moviestar (Star_ID, Star_Name) VALUES (1, 'Ezra Miller');
INSERT INTO moviestar (Star_ID, Star_Name) VALUES (2, 'Sasha Calle');
INSERT INTO moviestar (Star_ID, Star_Name) VALUES (3, 'Ben Affleck');
INSERT INTO moviestar (Star_ID, Star_Name) VALUES (4, 'Jeremy Irons');
INSERT INTO moviestar (Star_ID, Star_Name) VALUES (5, 'Henry Cavill');
INSERT INTO moviestar (Star_ID, Star_Name) VALUES (6, 'Amy Adams');
INSERT INTO moviestar (Star_ID, Star_Name) VALUES (7, 'Diane Lane');
INSERT INTO moviestar (Star_ID, Star_Name) VALUES (8, 'Gal Galdot');
INSERT INTO moviestar (Star_ID, Star_Name) VALUES (9, 'Jensen Ackles');
INSERT INTO moviestar (Star_ID, Star_Name) VALUES (10, 'Stana Katic');
INSERT INTO moviestar (Star_ID, Star_Name) VALUES (11, 'Matt Bomer');
INSERT INTO moviestar (Star_ID, Star_Name) VALUES (12, 'Frank Welker');
INSERT INTO moviestar (Star_ID, Star_Name) VALUES (13, 'Grey Griffin');
INSERT INTO moviestar (Star_ID, Star_Name) VALUES (14, 'Matthew Lillard');
INSERT INTO moviestar (Star_ID, Star_Name) VALUES (15, 'Mindy Cohn');
INSERT INTO moviestar (Star_ID, Star_Name) VALUES (16, 'Jake Gyllenhaal');
INSERT INTO moviestar (Star_ID, Star_Name) VALUES (17, 'Yahya Abdul-Mateen');
INSERT INTO moviestar (Star_ID, Star_Name) VALUES (18, 'Eiza Gonzalez');
INSERT INTO moviestar (Star_ID, Star_Name) VALUES (19, 'Robert De Niro');
INSERT INTO moviestar (Star_ID, Star_Name) VALUES (20, 'Ray Liotta');
INSERT INTO moviestar (Star_ID, Star_Name) VALUES (21, 'Joe Pesci');
INSERT INTO moviestar (Star_ID, Star_Name) VALUES (22, 'Sharon Stone');
INSERT INTO moviestar (Star_ID, Star_Name) VALUES (23, 'Allari Naresh');
INSERT INTO moviestar (Star_ID, Star_Name) VALUES (24, 'Mirnaa');
INSERT INTO moviestar (Star_ID, Star_Name) VALUES (25, 'Adam Devine');
INSERT INTO moviestar (Star_ID, Star_Name) VALUES (26, 'Pierce Brosnan');
INSERT INTO moviestar (Star_ID, Star_Name) VALUES (27, 'Ellen Barkin');
INSERT INTO moviestar (Star_ID, Star_Name) VALUES (28, 'Nina Dobrev');
INSERT INTO moviestar (Star_ID, Star_Name) VALUES (29, 'Darren Barnett');
INSERT INTO moviestar (Star_ID, Star_Name) VALUES (30, 'Jimmy O Yang');
INSERT INTO moviestar (Star_ID, Star_Name) VALUES (31, 'Mikaela Hoover');
INSERT INTO moviestar (Star_ID, Star_Name) VALUES (32, 'Thomas Jane');
INSERT INTO moviestar (Star_ID, Star_Name) VALUES (33, 'Dean Jaggar');
INSERT INTO moviestar (Star_ID, Star_Name) VALUES (34, 'Dominique Tipper');
INSERT INTO moviestar (Star_ID, Star_Name) VALUES (35, 'Alice Braga');
INSERT INTO moviestar (Star_ID, Star_Name) VALUES (36, 'JD Pardo');
INSERT INTO moviestar (Star_ID, Star_Name) VALUES (37, 'Jessica Rothe');
INSERT INTO moviestar (Star_ID, Star_Name) VALUES (38, 'Israel Broussard');
INSERT INTO moviestar (Star_ID, Star_Name) VALUES (39, 'Ruby Modine');
INSERT INTO moviestar (Star_ID, Star_Name) VALUES (40, 'Sarah Snook');
INSERT INTO moviestar (Star_ID, Star_Name) VALUES (41, 'Lilly LaTorre');
INSERT INTO moviestar (Star_ID, Star_Name) VALUES (42, 'Neil Melville');
INSERT INTO moviestar (Star_ID, Star_Name) VALUES (43, 'Omar Chaparro');
INSERT INTO moviestar (Star_ID, Star_Name) VALUES (44, 'Bolivar Sanchez');
INSERT INTO moviestar (Star_ID, Star_Name) VALUES (45, 'Carlos Solorzano');
INSERT INTO moviestar (Star_ID, Star_Name) VALUES (46, 'Haley Bennett');
INSERT INTO moviestar (Star_ID, Star_Name) VALUES (47, 'Austin Stowell');
INSERT INTO moviestar (Star_ID, Star_Name) VALUES (48, 'Denis O''Hare');
INSERT INTO moviestar (Star_ID, Star_Name) VALUES (49, 'Freida Pinto');
INSERT INTO moviestar (Star_ID, Star_Name) VALUES (50, 'Logan Marshall Green');
INSERT INTO moviestar (Star_ID, Star_Name) VALUES (51, 'Robert John Burke');
INSERT INTO moviestar (Star_ID, Star_Name) VALUES (52, 'Kate Siegel');
INSERT INTO moviestar (Star_ID, Star_Name) VALUES (53, 'Jason O''Mara');
INSERT INTO moviestar (Star_ID, Star_Name) VALUES (54, 'Dule Hill');
INSERT INTO moviestar (Star_ID, Star_Name) VALUES (55, 'Priyanka Chopra Jonas');
INSERT INTO moviestar (Star_ID, Star_Name) VALUES (56, 'Sam Heughan');
INSERT INTO moviestar (Star_ID, Star_Name) VALUES (57, 'Celine Dion');
INSERT INTO moviestar (Star_ID, Star_Name) VALUES (58, 'Nicola Wallace');
INSERT INTO moviestar (Star_ID, Star_Name) VALUES (59, 'Gabriel Guevara');
INSERT INTO moviestar (Star_ID, Star_Name) VALUES (60, 'Marta Hazas');
INSERT INTO moviestar (Star_ID, Star_Name) VALUES (61, 'Lili Reinhart');
INSERT INTO moviestar (Star_ID, Star_Name) VALUES (62, 'Austin Abrams');
INSERT INTO moviestar (Star_ID, Star_Name) VALUES (63, 'Sarah Jones');
INSERT INTO moviestar (Star_ID, Star_Name) VALUES (64, 'Robert Maaser');
INSERT INTO moviestar (Star_ID, Star_Name) VALUES (65, 'Jordis Triebel');
INSERT INTO moviestar (Star_ID, Star_Name) VALUES (66, 'Marie Hacke');
INSERT INTO moviestar (Star_ID, Star_Name) VALUES (67, 'Phillip Aguirre');
INSERT INTO moviestar (Star_ID, Star_Name) VALUES (68, 'Ryan Kiera Armstrong');
INSERT INTO moviestar (Star_ID, Star_Name) VALUES (69, 'Clint Howard');
INSERT INTO moviestar (Star_ID, Star_Name) VALUES (70, 'Nicholas Cage');
INSERT INTO moviestar (Star_ID, Star_Name) VALUES (71, 'Jeff Bridges');
INSERT INTO moviestar (Star_ID, Star_Name) VALUES (72, 'Matt Damon');
INSERT INTO moviestar (Star_ID, Star_Name) VALUES (73, 'Hailee Steinfield');
INSERT INTO moviestar (Star_ID, Star_Name) VALUES (74, 'Mark Hamil');
INSERT INTO moviestar (Star_ID, Star_Name) VALUES (75, 'Harrison Ford');
INSERT INTO moviestar (Star_ID, Star_Name) VALUES (76, 'Carrie Fisher');
INSERT INTO moviestar (Star_ID, Star_Name) VALUES (77, 'Shia LeBeouf');
INSERT INTO moviestar (Star_ID, Star_Name) VALUES (78, 'Megan Fox');
INSERT INTO moviestar (Star_ID, Star_Name) VALUES (79, 'Josh Duhamel');
INSERT INTO moviestar (Star_ID, Star_Name) VALUES (80, 'Tim Griffin');
INSERT INTO moviestar (Star_ID, Star_Name) VALUES (81, 'Ava Zaria Lee');
INSERT INTO moviestar (Star_ID, Star_Name) VALUES (82, 'Nia Long');
INSERT INTO moviestar (Star_ID, Star_Name) VALUES (83, 'Christian Bale');
INSERT INTO moviestar (Star_ID, Star_Name) VALUES (84, 'Harry Melling');
INSERT INTO moviestar (Star_ID, Star_Name) VALUES (85, 'Simon McBurney');
INSERT INTO moviestar (Star_ID, Star_Name) VALUES (86, 'Idris Elba');
INSERT INTO moviestar (Star_ID, Star_Name) VALUES (87, 'Cynthia Erivo');
INSERT INTO moviestar (Star_ID, Star_Name) VALUES (88, 'Andy Serkis');
INSERT INTO moviestar (Star_ID, Star_Name) VALUES (89, 'Darren Barnett');


-- ****************************************************************************************************************************************

-- Insert for Writers
INSERT INTO writer (Writer_ID, Writer_Name) VALUES (1, 'Christina Hodson');
INSERT INTO writer (Writer_ID, Writer_Name) VALUES (2, 'John Francis Daley');
INSERT INTO writer (Writer_ID, Writer_Name) VALUES (3, 'Jonathan Goldstein');
INSERT INTO writer (Writer_ID, Writer_Name) VALUES (4, 'David Goye');
INSERT INTO writer (Writer_ID, Writer_Name) VALUES (5, 'Christopher Nolan');
INSERT INTO writer (Writer_ID, Writer_Name) VALUES (6, 'Jerry Siegel');
INSERT INTO writer (Writer_ID, Writer_Name) VALUES (7, 'Joe Shuster');
INSERT INTO writer (Writer_ID, Writer_Name) VALUES (8, 'Abburi Ravi');
INSERT INTO writer (Writer_ID, Writer_Name) VALUES (9, 'Zack Snyder');
INSERT INTO writer (Writer_ID, Writer_Name) VALUES (10, 'Jeremy Adams');
INSERT INTO writer (Writer_ID, Writer_Name) VALUES (11, 'Ernie Altbacker');
INSERT INTO writer (Writer_ID, Writer_Name) VALUES (12, 'Josie Campbell');
INSERT INTO writer (Writer_ID, Writer_Name) VALUES (13, 'Curt Geda');
INSERT INTO writer (Writer_ID, Writer_Name) VALUES (14, 'Chris Fedak');
INSERT INTO writer (Writer_ID, Writer_Name) VALUES (15, 'Laurits Punch-Petersen');
INSERT INTO writer (Writer_ID, Writer_Name) VALUES (16, 'Lars Andreas Pedersen');
INSERT INTO writer (Writer_ID, Writer_Name) VALUES (17, 'Martin Scorsese');
INSERT INTO writer (Writer_ID, Writer_Name) VALUES (18, 'Nicholas Pileggi');
INSERT INTO writer (Writer_ID, Writer_Name) VALUES (19, 'Vijay Kanakamedala');
INSERT INTO writer (Writer_ID, Writer_Name) VALUES (20, 'Ben Zazove');
INSERT INTO writer (Writer_ID, Writer_Name) VALUES (21, 'Evan Turner');
INSERT INTO writer (Writer_ID, Writer_Name) VALUES (22, 'Danny Mackey');
INSERT INTO writer (Writer_ID, Writer_Name) VALUES (23, 'Rebecca Ewing');
INSERT INTO writer (Writer_ID, Writer_Name) VALUES (24, 'Jesse V. Johnson');
INSERT INTO writer (Writer_ID, Writer_Name) VALUES (25, 'Robert Rodriguez');
INSERT INTO writer (Writer_ID, Writer_Name) VALUES (26, 'Max Borenstein');
INSERT INTO writer (Writer_ID, Writer_Name) VALUES (27, 'Scott Lobdell');
INSERT INTO writer (Writer_ID, Writer_Name) VALUES (28, 'Christopher Landon');
INSERT INTO writer (Writer_ID, Writer_Name) VALUES (29, 'Hannah Kent');
INSERT INTO writer (Writer_ID, Writer_Name) VALUES (30, 'Carlos Cisco');
INSERT INTO writer (Writer_ID, Writer_Name) VALUES (31, 'Boise Esquerra');
INSERT INTO writer (Writer_ID, Writer_Name) VALUES (32, 'Carlos Mirabella Davis');
INSERT INTO writer (Writer_ID, Writer_Name) VALUES (33, 'Chris Sparling');
INSERT INTO writer (Writer_ID, Writer_Name) VALUES (34, 'Richard D''Ovidio');
INSERT INTO writer (Writer_ID, Writer_Name) VALUES (35, 'Jim Strouse');
INSERT INTO writer (Writer_ID, Writer_Name) VALUES (36, 'Sofie Kramer');
INSERT INTO writer (Writer_ID, Writer_Name) VALUES (37, 'Andrea Wilson');
INSERT INTO writer (Writer_ID, Writer_Name) VALUES (38, 'Domingo Gonzalez');
INSERT INTO writer (Writer_ID, Writer_Name) VALUES (39, 'Mercedes Ron');
INSERT INTO writer (Writer_ID, Writer_Name) VALUES (40, 'Richard Tanne');
INSERT INTO writer (Writer_ID, Writer_Name) VALUES (41, 'Krystal Sutherland');
INSERT INTO writer (Writer_ID, Writer_Name) VALUES (42, 'Peter Thorwarth');
INSERT INTO writer (Writer_ID, Writer_Name) VALUES (43, 'Stefan Barth');
INSERT INTO writer (Writer_ID, Writer_Name) VALUES (44, 'Carl W Lucas');
INSERT INTO writer (Writer_ID, Writer_Name) VALUES (45, 'Ethan Coen');
INSERT INTO writer (Writer_ID, Writer_Name) VALUES (46, 'Joel Coen');
INSERT INTO writer (Writer_ID, Writer_Name) VALUES (47, 'Charles Portis');
INSERT INTO writer (Writer_ID, Writer_Name) VALUES (48, 'George Lucas');
INSERT INTO writer (Writer_ID, Writer_Name) VALUES (49, 'Leigh Brackett');
INSERT INTO writer (Writer_ID, Writer_Name) VALUES (50, 'Lawrance Kasdan');
INSERT INTO writer (Writer_ID, Writer_Name) VALUES (51, 'Roberto Orci');
INSERT INTO writer (Writer_ID, Writer_Name) VALUES (52, 'Alex Kurtzman');
INSERT INTO writer (Writer_ID, Writer_Name) VALUES (53, 'John Rogers');
INSERT INTO writer (Writer_ID, Writer_Name) VALUES (54, 'Ehren Kruger');
INSERT INTO writer (Writer_ID, Writer_Name) VALUES (55, 'Sev Ohanian');
INSERT INTO writer (Writer_ID, Writer_Name) VALUES (56, 'Nicholas D. Johnson');
INSERT INTO writer (Writer_ID, Writer_Name) VALUES (57, 'Will Merrick');
INSERT INTO writer (Writer_ID, Writer_Name) VALUES (58, 'Scott Cooper');
INSERT INTO writer (Writer_ID, Writer_Name) VALUES (59, 'Louis Bayard');
INSERT INTO writer (Writer_ID, Writer_Name) VALUES (60, 'Neil Cross');
INSERT INTO writer (Writer_ID, Writer_Name) VALUES (61, 'Joseph Barbera');
INSERT INTO writer (Writer_ID, Writer_Name) VALUES (62, 'William Hanna');
INSERT INTO writer (Writer_ID, Writer_Name) VALUES (63, 'Toom Venkat');

-- Inserts for CategorizedMovies#
insert into CategorizedMovie (Movie_ID, Category_ID) values (1, 1);
insert into CategorizedMovie (Movie_ID, Category_ID) values (1, 2);
insert into CategorizedMovie (Movie_ID, Category_ID) values (1, 6);
insert into CategorizedMovie (Movie_ID, Category_ID) values (1, 7);

insert into CategorizedMovie (Movie_ID, Category_ID) values (2, 1);
insert into CategorizedMovie (Movie_ID, Category_ID) values (2, 2);
insert into CategorizedMovie (Movie_ID, Category_ID) values (2, 7);
insert into CategorizedMovie (Movie_ID, Category_ID) values (2, 13);

insert into CategorizedMovie (Movie_ID, Category_ID) values (3, 1);
insert into CategorizedMovie (Movie_ID, Category_ID) values (3, 2);
insert into CategorizedMovie (Movie_ID, Category_ID) values (3, 7);

insert into CategorizedMovie (Movie_ID, Category_ID) values (4, 1);
insert into CategorizedMovie (Movie_ID, Category_ID) values (4, 2);
insert into CategorizedMovie (Movie_ID, Category_ID) values (4, 3);
insert into CategorizedMovie (Movie_ID, Category_ID) values (4, 7);
insert into CategorizedMovie (Movie_ID, Category_ID) values (4, 13);
insert into CategorizedMovie (Movie_ID, Category_ID) values (5, 3);
insert into CategorizedMovie (Movie_ID, Category_ID) values (5, 13);

insert into CategorizedMovie (Movie_ID, Category_ID) values (6, 1);
insert into CategorizedMovie (Movie_ID, Category_ID) values (6, 4);
insert into CategorizedMovie (Movie_ID, Category_ID) values (6, 5);
insert into CategorizedMovie (Movie_ID, Category_ID) values (6, 8);

insert into CategorizedMovie (Movie_ID, Category_ID) values (7, 4);
insert into CategorizedMovie (Movie_ID, Category_ID) values (7, 5);
insert into CategorizedMovie (Movie_ID, Category_ID) values (8, 4);
insert into CategorizedMovie (Movie_ID, Category_ID) values (8, 5);

insert into CategorizedMovie (Movie_ID, Category_ID) values (9, 1);
insert into CategorizedMovie (Movie_ID, Category_ID) values (9, 5);
insert into CategorizedMovie (Movie_ID, Category_ID) values (9, 11);


insert into CategorizedMovie (Movie_ID, Category_ID) values (10, 1);
insert into CategorizedMovie (Movie_ID, Category_ID) values (10, 4);
insert into CategorizedMovie (Movie_ID, Category_ID) values (10, 6);

insert into CategorizedMovie (Movie_ID, Category_ID) values (11, 11);
insert into CategorizedMovie (Movie_ID, Category_ID) values (11, 6);

insert into CategorizedMovie (Movie_ID, Category_ID) values (12, 1);
insert into CategorizedMovie (Movie_ID, Category_ID) values (12, 8);

insert into CategorizedMovie (Movie_ID, Category_ID) values (13, 14);
insert into CategorizedMovie (Movie_ID, Category_ID) values (13, 1);
insert into CategorizedMovie (Movie_ID, Category_ID) values (13, 8);
insert into CategorizedMovie (Movie_ID, Category_ID) values (13, 10);

insert into CategorizedMovie (Movie_ID, Category_ID) values (14, 14);
insert into CategorizedMovie (Movie_ID, Category_ID) values (14, 6);
insert into CategorizedMovie (Movie_ID, Category_ID) values (14, 9);

insert into CategorizedMovie (Movie_ID, Category_ID) values (15, 14);
insert into CategorizedMovie (Movie_ID, Category_ID) values (15, 6);
insert into CategorizedMovie (Movie_ID, Category_ID) values (15, 9);

insert into CategorizedMovie (Movie_ID, Category_ID) values (16, 8);
insert into CategorizedMovie (Movie_ID, Category_ID) values (16, 9);

insert into CategorizedMovie (Movie_ID, Category_ID) values (17, 9);
insert into CategorizedMovie (Movie_ID, Category_ID) values (17, 8);
insert into CategorizedMovie (Movie_ID, Category_ID) values (17, 13);

insert into CategorizedMovie (Movie_ID, Category_ID) values (18, 9);
insert into CategorizedMovie (Movie_ID, Category_ID) values (18, 8);
insert into CategorizedMovie (Movie_ID, Category_ID) values (18, 5);

insert into CategorizedMovie (Movie_ID, Category_ID) values (19, 8);
insert into CategorizedMovie (Movie_ID, Category_ID) values (19, 14);
insert into CategorizedMovie (Movie_ID, Category_ID) values (19, 10);
insert into CategorizedMovie (Movie_ID, Category_ID) values (19, 1);
insert into CategorizedMovie (Movie_ID, Category_ID) values (19, 5);
insert into CategorizedMovie (Movie_ID, Category_ID) values (20, 8);
insert into CategorizedMovie (Movie_ID, Category_ID) values (20, 10);
insert into CategorizedMovie (Movie_ID, Category_ID) values (20, 14);

insert into CategorizedMovie (Movie_ID, Category_ID) values (21, 5);
insert into CategorizedMovie (Movie_ID, Category_ID) values (21, 6);
insert into CategorizedMovie (Movie_ID, Category_ID) values (21, 11);

insert into CategorizedMovie (Movie_ID, Category_ID) values (22, 5);
insert into CategorizedMovie (Movie_ID, Category_ID) values (22, 11);

insert into CategorizedMovie (Movie_ID, Category_ID) values (23, 5);
insert into CategorizedMovie (Movie_ID, Category_ID) values (23, 11);

insert into CategorizedMovie (Movie_ID, Category_ID) values (24, 1);
insert into CategorizedMovie (Movie_ID, Category_ID) values (24, 5);
insert into CategorizedMovie (Movie_ID, Category_ID) values (24, 12);

insert into CategorizedMovie (Movie_ID, Category_ID) values (25, 1);
insert into CategorizedMovie (Movie_ID, Category_ID) values (25, 5);
insert into CategorizedMovie (Movie_ID, Category_ID) values (25, 12);

insert into CategorizedMovie (Movie_ID, Category_ID) values (26, 5);
insert into CategorizedMovie (Movie_ID, Category_ID) values (26, 12);

insert into CategorizedMovie (Movie_ID, Category_ID) values (27, 1);
insert into CategorizedMovie (Movie_ID, Category_ID) values (27, 2);
insert into CategorizedMovie (Movie_ID, Category_ID) values (27, 7);
insert into CategorizedMovie (Movie_ID, Category_ID) values (27, 13);

insert into CategorizedMovie (Movie_ID, Category_ID) values (28, 1);
insert into CategorizedMovie (Movie_ID, Category_ID) values (28, 2);
insert into CategorizedMovie (Movie_ID, Category_ID) values (28, 7);
insert into CategorizedMovie (Movie_ID, Category_ID) values (28, 13);

insert into CategorizedMovie (Movie_ID, Category_ID) values (29, 1);
insert into CategorizedMovie (Movie_ID, Category_ID) values (29, 2);
insert into CategorizedMovie (Movie_ID, Category_ID) values (29, 7);
insert into CategorizedMovie (Movie_ID, Category_ID) values (29, 13);

insert into CategorizedMovie (Movie_ID, Category_ID) values (30, 1);
insert into CategorizedMovie (Movie_ID, Category_ID) values (30, 2);
insert into CategorizedMovie (Movie_ID, Category_ID) values (30, 13);

insert into CategorizedMovie (Movie_ID, Category_ID) values (31, 1);
insert into CategorizedMovie (Movie_ID, Category_ID) values (31, 2);
insert into CategorizedMovie (Movie_ID, Category_ID) values (31, 13);

insert into CategorizedMovie (Movie_ID, Category_ID) values (32, 5);
insert into CategorizedMovie (Movie_ID, Category_ID) values (32, 8);
insert into CategorizedMovie (Movie_ID, Category_ID) values (32, 14);

insert into CategorizedMovie (Movie_ID, Category_ID) values (33, 8);
insert into CategorizedMovie (Movie_ID, Category_ID) values (33, 14);

insert into CategorizedMovie (Movie_ID, Category_ID) values (34, 4);
insert into CategorizedMovie (Movie_ID, Category_ID) values (34, 5);
insert into CategorizedMovie (Movie_ID, Category_ID) values (34, 13);

-- Insert for MovieCast
insert into MovieCast (Movie_ID, Star_ID) values (1, 1);
insert into MovieCast (Movie_ID, Star_ID) values (1, 2);
insert into MovieCast (Movie_ID, Star_ID) values (1, 3);
insert into MovieCast (Movie_ID, Star_ID) values (1, 4);
insert into MovieCast (Movie_ID, Star_ID) values (1, 8);
insert into MovieCast (Movie_ID, Star_ID) values (2, 5);
insert into MovieCast (Movie_ID, Star_ID) values (2, 6);
insert into MovieCast (Movie_ID, Star_ID) values (2, 7);

insert into MovieCast (Movie_ID, Star_ID) values (3, 1);
insert into MovieCast (Movie_ID, Star_ID) values (3, 2);
insert into MovieCast (Movie_ID, Star_ID) values (3, 3);
insert into MovieCast (Movie_ID, Star_ID) values (3, 4);
insert into MovieCast (Movie_ID, Star_ID) values (3, 8);
insert into MovieCast (Movie_ID, Star_ID) values (3, 6);
insert into MovieCast (Movie_ID, Star_ID) values (3, 7);

insert into MovieCast (Movie_ID, Star_ID) values (4, 9);
insert into MovieCast (Movie_ID, Star_ID) values (4, 10);
insert into MovieCast (Movie_ID, Star_ID) values (4, 11);

insert into MovieCast (Movie_ID, Star_ID) values (5, 12);
insert into MovieCast (Movie_ID, Star_ID) values (5, 13);
insert into MovieCast (Movie_ID, Star_ID) values (5, 14);
insert into MovieCast (Movie_ID, Star_ID) values (5, 15);

insert into MovieCast (Movie_ID, Star_ID) values (6, 16);
insert into MovieCast (Movie_ID, Star_ID) values (6, 17);
insert into MovieCast (Movie_ID, Star_ID) values (6, 18);

insert into MovieCast (Movie_ID, Star_ID) values (7, 19);
insert into MovieCast (Movie_ID, Star_ID) values (7, 20);
insert into MovieCast (Movie_ID, Star_ID) values (7, 21);

insert into MovieCast (Movie_ID, Star_ID) values (8, 19);
insert into MovieCast (Movie_ID, Star_ID) values (8, 22);
insert into MovieCast (Movie_ID, Star_ID) values (8, 21);

insert into MovieCast (Movie_ID, Star_ID) values (9, 23);
insert into MovieCast (Movie_ID, Star_ID) values (9, 24);

insert into MovieCast (Movie_ID, Star_ID) values (10, 25);
insert into MovieCast (Movie_ID, Star_ID) values (10, 26);
insert into MovieCast (Movie_ID, Star_ID) values (10, 27);

insert into MovieCast (Movie_ID, Star_ID) values (11, 28);
insert into MovieCast (Movie_ID, Star_ID) values (11, 29);
insert into MovieCast (Movie_ID, Star_ID) values (11, 30);
insert into MovieCast (Movie_ID, Star_ID) values (11, 31);
insert into MovieCast (Movie_ID, Star_ID) values (11, 89);

insert into MovieCast (Movie_ID, Star_ID) values (12, 32);
insert into MovieCast (Movie_ID, Star_ID) values (12, 33);
insert into MovieCast (Movie_ID, Star_ID) values (12, 34);

insert into MovieCast (Movie_ID, Star_ID) values (13, 35);
insert into MovieCast (Movie_ID, Star_ID) values (13, 36);
insert into MovieCast (Movie_ID, Star_ID) values (13, 3);

insert into MovieCast (Movie_ID, Star_ID) values (14, 37);
insert into MovieCast (Movie_ID, Star_ID) values (14, 38);
insert into MovieCast (Movie_ID, Star_ID) values (14, 39);

insert into MovieCast (Movie_ID, Star_ID) values (15, 37);
insert into MovieCast (Movie_ID, Star_ID) values (15, 38);
insert into MovieCast (Movie_ID, Star_ID) values (15, 39);

insert into MovieCast (Movie_ID, Star_ID) values (16, 40);
insert into MovieCast (Movie_ID, Star_ID) values (16, 41);
insert into MovieCast (Movie_ID, Star_ID) values (16, 42);

insert into MovieCast (Movie_ID, Star_ID) values (17, 43);
insert into MovieCast (Movie_ID, Star_ID) values (17, 44);
insert into MovieCast (Movie_ID, Star_ID) values (17, 45);

insert into MovieCast (Movie_ID, Star_ID) values (18, 46);
insert into MovieCast (Movie_ID, Star_ID) values (18, 47);
insert into MovieCast (Movie_ID, Star_ID) values (18, 48);

insert into MovieCast (Movie_ID, Star_ID) values (19, 49);
insert into MovieCast (Movie_ID, Star_ID) values (19, 50);
insert into MovieCast (Movie_ID, Star_ID) values (19, 51);

insert into MovieCast (Movie_ID, Star_ID) values (20, 52);
insert into MovieCast (Movie_ID, Star_ID) values (20, 53);
insert into MovieCast (Movie_ID, Star_ID) values (20, 54);

insert into MovieCast (Movie_ID, Star_ID) values (21, 55);
insert into MovieCast (Movie_ID, Star_ID) values (21, 56);
insert into MovieCast (Movie_ID, Star_ID) values (21, 57);

insert into MovieCast (Movie_ID, Star_ID) values (22, 58);
insert into MovieCast (Movie_ID, Star_ID) values (22, 59);
insert into MovieCast (Movie_ID, Star_ID) values (22, 60);

insert into MovieCast (Movie_ID, Star_ID) values (23, 61);
insert into MovieCast (Movie_ID, Star_ID) values (23, 62);
insert into MovieCast (Movie_ID, Star_ID) values (23, 63);

insert into MovieCast (Movie_ID, Star_ID) values (24, 64);
insert into MovieCast (Movie_ID, Star_ID) values (24, 65);
insert into MovieCast (Movie_ID, Star_ID) values (24, 66);

insert into MovieCast (Movie_ID, Star_ID) values (25, 67);
insert into MovieCast (Movie_ID, Star_ID) values (25, 68);
insert into MovieCast (Movie_ID, Star_ID) values (25, 69);
insert into MovieCast (Movie_ID, Star_ID) values (25, 70);

insert into MovieCast (Movie_ID, Star_ID) values (26, 71);
insert into MovieCast (Movie_ID, Star_ID) values (26, 72);
insert into MovieCast (Movie_ID, Star_ID) values (26, 73);

insert into MovieCast (Movie_ID, Star_ID) values (27, 74);
insert into MovieCast (Movie_ID, Star_ID) values (27, 75);
insert into MovieCast (Movie_ID, Star_ID) values (27, 76);

insert into MovieCast (Movie_ID, Star_ID) values (28, 74);
insert into MovieCast (Movie_ID, Star_ID) values (28, 75);
insert into MovieCast (Movie_ID, Star_ID) values (28, 76);

insert into MovieCast (Movie_ID, Star_ID) values (29, 74);
insert into MovieCast (Movie_ID, Star_ID) values (29, 75);
insert into MovieCast (Movie_ID, Star_ID) values (29, 76);

insert into MovieCast (Movie_ID, Star_ID) values (30, 77);
insert into MovieCast (Movie_ID, Star_ID) values (30, 78);
insert into MovieCast (Movie_ID, Star_ID) values (30, 79);

insert into MovieCast (Movie_ID, Star_ID) values (31, 77);
insert into MovieCast (Movie_ID, Star_ID) values (31, 78);
insert into MovieCast (Movie_ID, Star_ID) values (31, 79);

insert into MovieCast (Movie_ID, Star_ID) values (32, 80);
insert into MovieCast (Movie_ID, Star_ID) values (32, 81);
insert into MovieCast (Movie_ID, Star_ID) values (32, 82);

insert into MovieCast (Movie_ID, Star_ID) values (33, 83);
insert into MovieCast (Movie_ID, Star_ID) values (33, 84);
insert into MovieCast (Movie_ID, Star_ID) values (33, 85);

insert into MovieCast (Movie_ID, Star_ID) values (34, 86);
insert into MovieCast (Movie_ID, Star_ID) values (34, 87);
insert into MovieCast (Movie_ID, Star_ID) values (34, 88);

-- Insert for MovieScript
insert into MovieScript (Movie_ID, Writer_ID) values (1, 1);
insert into MovieScript (Movie_ID, Writer_ID) values (1, 2);
insert into MovieScript (Movie_ID, Writer_ID) values (1, 3);

insert into MovieScript (Movie_ID, Writer_ID) values (2, 4);
insert into MovieScript (Movie_ID, Writer_ID) values (2, 5);
insert into MovieScript (Movie_ID, Writer_ID) values (2, 6);

insert into MovieScript (Movie_ID, Writer_ID) values (3, 7);
insert into MovieScript (Movie_ID, Writer_ID) values (3, 6);
insert into MovieScript (Movie_ID, Writer_ID) values (3, 9);

insert into MovieScript (Movie_ID, Writer_ID) values (4, 10);
insert into MovieScript (Movie_ID, Writer_ID) values (4, 11);
insert into MovieScript (Movie_ID, Writer_ID) values (4, 12);
insert into MovieScript (Movie_ID, Writer_ID) values (5, 13);

insert into MovieScript (Movie_ID, Writer_ID) values (6, 14);
insert into MovieScript (Movie_ID, Writer_ID) values (6, 15);
insert into MovieScript (Movie_ID, Writer_ID) values (6, 16);

insert into MovieScript (Movie_ID, Writer_ID) values (7, 17);
insert into MovieScript (Movie_ID, Writer_ID) values (7, 18);

insert into MovieScript (Movie_ID, Writer_ID) values (8, 17);
insert into MovieScript (Movie_ID, Writer_ID) values (8, 18);

insert into MovieScript (Movie_ID, Writer_ID) values (9, 19);
insert into MovieScript (Movie_ID, Writer_ID) values (9, 8);
insert into MovieScript (Movie_ID, Writer_ID) values (9, 63);
insert into MovieScript (Movie_ID, Writer_ID) values (10, 20);
insert into MovieScript (Movie_ID, Writer_ID) values (10, 21);
insert into MovieScript (Movie_ID, Writer_ID) values (11, 23);
insert into MovieScript (Movie_ID, Writer_ID) values (11, 22);
insert into MovieScript (Movie_ID, Writer_ID) values (12, 24);

insert into MovieScript (Movie_ID, Writer_ID) values (13, 25);
insert into MovieScript (Movie_ID, Writer_ID) values (13, 26);
insert into MovieScript (Movie_ID, Writer_ID) values (14, 27);
insert into MovieScript (Movie_ID, Writer_ID) values (15, 28);
insert into MovieScript (Movie_ID, Writer_ID) values (15, 27);
insert into MovieScript (Movie_ID, Writer_ID) values (16, 29);

insert into MovieScript (Movie_ID, Writer_ID) values (17, 30);
insert into MovieScript (Movie_ID, Writer_ID) values (17, 31);

insert into MovieScript (Movie_ID, Writer_ID) values (18, 32);

insert into MovieScript (Movie_ID, Writer_ID) values (19, 33);

insert into MovieScript (Movie_ID, Writer_ID) values (20, 34);

insert into MovieScript (Movie_ID, Writer_ID) values (21, 37);
insert into MovieScript (Movie_ID, Writer_ID) values (21, 36);
insert into MovieScript (Movie_ID, Writer_ID) values (21, 35);

insert into MovieScript (Movie_ID, Writer_ID) values (22, 38);
insert into MovieScript (Movie_ID, Writer_ID) values (22, 39);

insert into MovieScript (Movie_ID, Writer_ID) values (23, 40);
insert into MovieScript (Movie_ID, Writer_ID) values (23, 41);

insert into MovieScript (Movie_ID, Writer_ID) values (24, 42);
insert into MovieScript (Movie_ID, Writer_ID) values (24, 43);

insert into MovieScript (Movie_ID, Writer_ID) values (25, 44);

insert into MovieScript (Movie_ID, Writer_ID) values (26, 45);
insert into MovieScript (Movie_ID, Writer_ID) values (26, 46);
insert into MovieScript (Movie_ID, Writer_ID) values (26, 47);

insert into MovieScript (Movie_ID, Writer_ID) values (27, 48);
insert into MovieScript (Movie_ID, Writer_ID) values (28, 48);
insert into MovieScript (Movie_ID, Writer_ID) values (28, 49);
insert into MovieScript (Movie_ID, Writer_ID) values (28, 50);
insert into MovieScript (Movie_ID, Writer_ID) values (29, 48);
insert into MovieScript (Movie_ID, Writer_ID) values (29, 50);

insert into MovieScript (Movie_ID, Writer_ID) values (30, 51);
insert into MovieScript (Movie_ID, Writer_ID) values (30, 52);
insert into MovieScript (Movie_ID, Writer_ID) values (30, 53);

insert into MovieScript (Movie_ID, Writer_ID) values (31, 51);
insert into MovieScript (Movie_ID, Writer_ID) values (31, 52);
insert into MovieScript (Movie_ID, Writer_ID) values (31, 54);

insert into MovieScript (Movie_ID, Writer_ID) values (32, 55);
insert into MovieScript (Movie_ID, Writer_ID) values (32, 56);
insert into MovieScript (Movie_ID, Writer_ID) values (32, 57);

insert into MovieScript (Movie_ID, Writer_ID) values (33, 58);
insert into MovieScript (Movie_ID, Writer_ID) values (33, 59);

insert into MovieScript (Movie_ID, Writer_ID) values (34, 60);
insert into MovieScript (Movie_ID, Writer_ID) values (5, 61);
insert into MovieScript (Movie_ID, Writer_ID) values (5, 62);

-- Insert for DirectedMovies
insert into DirectedMovies (Movie_ID, Director_ID) values (1, 1);
insert into DirectedMovies (Movie_ID, Director_ID) values (2, 2);
insert into DirectedMovies (Movie_ID, Director_ID) values (3, 2);

insert into DirectedMovies (Movie_ID, Director_ID) values (4, 3);
insert into DirectedMovies (Movie_ID, Director_ID) values (5, 6);
insert into DirectedMovies (Movie_ID, Director_ID) values (6, 7);

insert into DirectedMovies (Movie_ID, Director_ID) values (7, 8);
insert into DirectedMovies (Movie_ID, Director_ID) values (8, 8);
insert into DirectedMovies (Movie_ID, Director_ID) values (9, 9);
insert into DirectedMovies (Movie_ID, Director_ID) values (10, 10);
insert into DirectedMovies (Movie_ID, Director_ID) values (11, 11);
insert into DirectedMovies (Movie_ID, Director_ID) values (12, 12);
insert into DirectedMovies (Movie_ID, Director_ID) values (13, 13);
insert into DirectedMovies (Movie_ID, Director_ID) values (14, 14);
insert into DirectedMovies (Movie_ID, Director_ID) values (15, 14);
insert into DirectedMovies (Movie_ID, Director_ID) values (16, 15);
insert into DirectedMovies (Movie_ID, Director_ID) values (17, 16);
insert into DirectedMovies (Movie_ID, Director_ID) values (18, 17);
insert into DirectedMovies (Movie_ID, Director_ID) values (19, 18);

insert into DirectedMovies (Movie_ID, Director_ID) values (20, 19);
insert into DirectedMovies (Movie_ID, Director_ID) values (20, 20);
insert into DirectedMovies (Movie_ID, Director_ID) values (21, 21);

insert into DirectedMovies (Movie_ID, Director_ID) values (22, 22);

insert into DirectedMovies (Movie_ID, Director_ID) values (23, 23);

insert into DirectedMovies (Movie_ID, Director_ID) values (24, 24);

insert into DirectedMovies (Movie_ID, Director_ID) values (25, 25);

insert into DirectedMovies (Movie_ID, Director_ID) values (26, 26);
insert into DirectedMovies (Movie_ID, Director_ID) values (26, 27);

insert into DirectedMovies (Movie_ID, Director_ID) values (27, 28);
insert into DirectedMovies (Movie_ID, Director_ID) values (28, 29);
insert into DirectedMovies (Movie_ID, Director_ID) values (29, 30);

insert into DirectedMovies (Movie_ID, Director_ID) values (30, 7);
insert into DirectedMovies (Movie_ID, Director_ID) values (31, 7);

insert into DirectedMovies (Movie_ID, Director_ID) values (32, 31);
insert into DirectedMovies (Movie_ID, Director_ID) values (32, 32);

insert into DirectedMovies (Movie_ID, Director_ID) values (33, 33);

insert into DirectedMovies (Movie_ID, Director_ID) values (34, 34);

insert into review (Movie_ID, Reviewer_ID, Rating, Review, Reviewer_Name, City) values (1, 1, 7.2, 'Erza is great. Contains jaw dropping action scenes', 'Joe Stevens', 'London');
insert into review (Movie_ID, Reviewer_ID, Rating, Review, Reviewer_Name, City) values (1, 2, 5.1, 'Seen too many of these movies. They are all the same','Jo Ferry', 'London');
insert into review (Movie_ID, Reviewer_ID, Rating, Review, Reviewer_Name, City) values (1, 3, 8.0, 'Funny. Pleasure to watch', 'Simon Tate', 'Sheffield');
insert into review (Movie_ID, Reviewer_ID, Rating, Review, Reviewer_Name, City) values (1, 4, 7.3, 'Great movie. Definitely recommend', 'Paul Cross', 'Norwich');
insert into review (Movie_ID, Reviewer_ID, Rating, Review, Reviewer_Name, City) values (2, 5, 7.2, 'Great Watch', 'Peter Simmons', 'Scotland');
insert into review (Movie_ID, Reviewer_ID, Rating, Review, Reviewer_Name, City) values (2, 6, 6.8, 'Prefer Christopher Reeves. Superman isnt trusted in movie', 'Mike Smith', 'Scotland');
insert into review (Movie_ID, Reviewer_ID, Rating, Review, Reviewer_Name, City) values (2, 7, 8.0, 'Definitely recommend', 'Paul Trust', 'Brighton');
insert into review (Movie_ID, Reviewer_ID, Rating, Review, Reviewer_Name, City) values (3, 8, 8.9, 'Great Watch but too long', 'Samantha Taylor', 'Brighton');
insert into review (Movie_ID, Reviewer_ID, Rating, Review, Reviewer_Name, City) values (3, 9, 8.1, 'My favourite superhero movie','Jason Reeds', 'London');
insert into review (Movie_ID, Reviewer_ID, Rating, Review, Reviewer_Name, City) values (3, 10, 8.0, 'Definitely Recommend', 'Anne Tate', 'Newmarket');
insert into review (Movie_ID, Reviewer_ID, Rating, Review, Reviewer_Name, City) values (3, 11, 8.2, 'Recommend', 'Peter Hancock', 'Newmarket');

insert into review (Movie_ID, Reviewer_ID, Rating, Review, Reviewer_Name, City) values (4, 12, 5.1, 'Slow and boring', 'Jessie Youth', 'Leeds');
insert into review (Movie_ID, Reviewer_ID, Rating, Review, Reviewer_Name, City) values (4, 13, 4.1, 'Dont waste your time', 'Bob Missile', 'Manchester');

insert into review (Movie_ID, Reviewer_ID, Rating, Review, Reviewer_Name, City) values (5, 14, 7.2, 'I loved it', 'Jennifer Aymes', 'Manchester');
insert into review (Movie_ID, Reviewer_ID, Rating, Review, Reviewer_Name, City) values (5, 15, 8.2, 'Definitely recommend', 'Simon Ridley', 'Leeds');
insert into review (Movie_ID, Reviewer_ID, Rating, Review, Reviewer_Name, City) values (5, 16, 4.3, 'No Thank you', 'Simon Ridley', 'Leeds');
insert into review (Movie_ID, Reviewer_ID, Rating, Review, Reviewer_Name, City) values (5, 17, 3.1, 'Worst Animation I have seen so far', 'Roger Smith', 'Leeds');

insert into review (Movie_ID, Reviewer_ID, Rating, Review, Reviewer_Name, City) values (6, 18, 7.2, 'Definitely recommend', 'Charlie Simms', 'Leeds');
insert into review (Movie_ID, Reviewer_ID, Rating, Review, Reviewer_Name, City) values (6, 19, 7.3, 'Must see', 'Mike Blandford', 'Leeds');
insert into review (Movie_ID, Reviewer_ID, Rating, Review, Reviewer_Name, City) values (6, 20, 8.1, 'Loved it', 'Charlene', 'Ripon');

insert into review (Movie_ID, Reviewer_ID, Rating, Review, Reviewer_Name, City) values (7, 21, 9.1, 'Classic. Even for today', 'Mike Howorth', 'Ripon');
insert into review (Movie_ID, Reviewer_ID, Rating, Review, Reviewer_Name, City) values (7, 22, 9.8, 'Never get bored watching this', 'Jason Richards', 'Manchester');

insert into review (Movie_ID, Reviewer_ID, Rating, Review, Reviewer_Name, City) values (8, 23, 7.1, 'Even now it is still good', 'Jermaine Roberts', 'York');
insert into review (Movie_ID, Reviewer_ID, Rating, Review, Reviewer_Name, City) values (8, 24, 7.1, 'Good Crime movie', 'Jermaine Roberts', 'York');

insert into review (Movie_ID, Reviewer_ID, Rating, Review, Reviewer_Name, City) values (9, 25, 4.2, 'Dont bother', 'Mike Chalk', 'York');
insert into review (Movie_ID, Reviewer_ID, Rating, Review, Reviewer_Name, City) values (8, 26, 3.1, 'Didnt watch all of it because it was a drag', 'Pat Colt', 'York');

insert into review (Movie_ID, Reviewer_ID, Rating, Review, Reviewer_Name, City) values (10, 27, 6.1, 'OK', 'Nicola Holmes', 'Sheffield');
insert into review (Movie_ID, Reviewer_ID, Rating, Review, Reviewer_Name, City) values (10, 28, 5.0, 'Dont bother', 'Joseph Pine', 'London');
insert into review (Movie_ID, Reviewer_ID, Rating, Review, Reviewer_Name, City) values (10, 29, 6.8, 'Funny', 'Craig Peters', 'Barnsley');

insert into review (Movie_ID, Reviewer_ID, Rating, Review, Reviewer_Name, City) values (11, 30, 6.4, 'Worth a watch', 'Kelly Bowchurch', 'London');
insert into review (Movie_ID, Reviewer_ID, Rating, Review, Reviewer_Name, City) values (11, 31, 6.1, 'I love romantic Comedies', 'Kelly Bowchurch', 'London');
insert into review (Movie_ID, Reviewer_ID, Rating, Review, Reviewer_Name, City) values (11, 32, 6.2, 'Better than I thought', 'Daniel Taylor', 'Barnsley');

insert into review (Movie_ID, Reviewer_ID, Rating, Review, Reviewer_Name, City) values (13, 33, 5.1, 'Even with Ben Affleck movie is dull', 'Jess Best', 'London');
insert into review (Movie_ID, Reviewer_ID, Rating, Review, Reviewer_Name, City) values (13, 34, 4.29, 'Wierd movie', 'Joseph Holiday', 'Barnsley');

insert into review (Movie_ID, Reviewer_ID, Rating, Review, Reviewer_Name, City) values (15, 35, 6.3, 'Sequel even better', 'Jane Doe', 'Oxford');
insert into review (Movie_ID, Reviewer_ID, Rating, Review, Reviewer_Name, City) values (15, 36, 6.0, 'Prefer the original', 'Jill Tractor', 'Oxford');
insert into review (Movie_ID, Reviewer_ID, Rating, Review, Reviewer_Name, City) values (15, 37, 6.6, 'Could have been better', 'Jess Best', 'London');
insert into review (Movie_ID, Reviewer_ID, Rating, Review, Reviewer_Name, City) values (15, 38, 7.39, 'Always like these kind of movies', 'Joseph Pine', 'London');

insert into review (Movie_ID, Reviewer_ID, Rating, Review, Reviewer_Name, City) values (16, 39, 5.0, 'Dissapointing', 'Joseph Pine', 'London');
insert into review (Movie_ID, Reviewer_ID, Rating, Review, Reviewer_Name, City) values (16, 40, 4.9, 'Better horror movies out there', 'Paul Trust', 'Brighton');
insert into review (Movie_ID, Reviewer_ID, Rating, Review, Reviewer_Name, City) values (16, 41, 5.1, 'Not scary at all', 'Simon Ridley', 'Leeds');

insert into review (Movie_ID, Reviewer_ID, Rating, Review, Reviewer_Name, City) values (17, 42, 3.31, 'Absolute lame movie', 'Charlene', 'Ripon');
insert into review (Movie_ID, Reviewer_ID, Rating, Review, Reviewer_Name, City) values (17, 43, 3.3, 'Cannot recommend', 'Charlene', 'Ripon');
insert into review (Movie_ID, Reviewer_ID, Rating, Review, Reviewer_Name, City) values (17, 44, 4.2, 'Low budget scenes and dissapointing plot', 'Anne Tate', 'Newmarket');
insert into review (Movie_ID, Reviewer_ID, Rating, Review, Reviewer_Name, City) values (17, 45, 4.1, 'Scary but boring as well', 'Jennifer Aymes', 'Manchester');

insert into review (Movie_ID, Reviewer_ID, Rating, Review, Reviewer_Name, City) values (18, 46, 6.31, 'Watchable', 'Anne Tate', 'Newmarket');
insert into review (Movie_ID, Reviewer_ID, Rating, Review, Reviewer_Name, City) values (18, 47, 5.7, 'Cannot recommend', 'Jennifer Aymes', 'Manchester');
insert into review (Movie_ID, Reviewer_ID, Rating, Review, Reviewer_Name, City) values (18, 48, 5.9, 'Pyschological movie with a difference', 'Jason Reeds', 'London');
insert into review (Movie_ID, Reviewer_ID, Rating, Review, Reviewer_Name, City) values (18, 49, 4.7, 'This is not my cup of tea', 'Simon Ridley', 'Leeds');

insert into review (Movie_ID, Reviewer_ID, Rating, Review, Reviewer_Name, City) values (19, 50, 3.3, 'Seen too many movies','Jessie Youth', 'Leeds');
insert into review (Movie_ID, Reviewer_ID, Rating, Review, Reviewer_Name, City) values (19, 51, 2.2, 'One of the worst movies I have seen','Jessie Youth', 'Leeds');

insert into review (Movie_ID, Reviewer_ID, Rating, Review, Reviewer_Name, City) values (20, 52, 5.0, 'Movie plays with your mind', 'Charlie Simms', 'Leeds');

insert into review (Movie_ID, Reviewer_ID, Rating, Review, Reviewer_Name, City) values (22, 53, 5.2, 'It is not bad', 'Jane Doe', 'Oxford');
insert into review (Movie_ID, Reviewer_ID, Rating, Review, Reviewer_Name, City) values (22, 54, 4.3, 'Waste of time', 'Anne Tate', 'Newmarket');



insert into review (Movie_ID, Reviewer_ID, Rating, Review, Reviewer_Name, City) values (23, 55, 6.2, 'I like it', 'Paul Trust', 'Brighton');
insert into review (Movie_ID, Reviewer_ID, Rating, Review, Reviewer_Name, City) values (23, 56, 6.3, 'I dont usually watch Romantic movies but this was OK', 'Nigel Shambles', 'Brighton');
insert into review (Movie_ID, Reviewer_ID, Rating, Review, Reviewer_Name, City) values (25, 57, 6.3, 'Cage is always good Actor. He stars in this exciting Western Drama', 'Jason Reeds', 'London');

insert into review (Movie_ID, Reviewer_ID, Rating, Review, Reviewer_Name, City) values (26, 58, 4.3, 'I didnt like it', 'Charlie Landley', 'Leeds');
insert into review (Movie_ID, Reviewer_ID, Rating, Review, Reviewer_Name, City) values (26, 59, 3.3, 'Slow and for a Western it is very badly written', 'Simon Ridley', 'Leeds');

insert into review (Movie_ID, Reviewer_ID, Rating, Review, Reviewer_Name, City) values (27, 60, 8.8, 'Best Sci-Fi Franchise', 'Andrea Summers', 'Leeds');
insert into review (Movie_ID, Reviewer_ID, Rating, Review, Reviewer_Name, City) values (27, 61, 8.7, 'Never forget this. I will always be a fan', 'Jessie Youth', 'Leeds');
insert into review (Movie_ID, Reviewer_ID, Rating, Review, Reviewer_Name, City) values (27, 62, 8.9, 'Brilliant', 'Richard Lamp', 'London');
insert into review (Movie_ID, Reviewer_ID, Rating, Review, Reviewer_Name, City) values (27, 63, 7.7, 'This is the best movie in the whole franchise','Mark Bastian', 'York');
insert into review (Movie_ID, Reviewer_ID, Rating, Review, Reviewer_Name, City) values (27, 64, 8.3, 'Imagine they use the special effects available now then this would be even better', 'Paul Cross', 'Norwich');
insert into review (Movie_ID, Reviewer_ID, Rating, Review, Reviewer_Name, City) values (28, 65, 9.2, 'Classic Sci-Fi', 'Paul Sullivan', 'Norwich');
insert into review (Movie_ID, Reviewer_ID, Rating, Review, Reviewer_Name, City) values (28, 66, 9.0, 'Great Plot and movie', 'Barry Knight', 'Dover');
insert into review (Movie_ID, Reviewer_ID, Rating, Review, Reviewer_Name, City) values (28, 67, 9.2, 'Old classic. I even watch even today', 'Paul Hester', 'London');
insert into review (Movie_ID, Reviewer_ID, Rating, Review, Reviewer_Name, City) values (28, 68, 8.3, 'Watch when I was a kid and I am still a big fan', 'Jane Hill', 'Orpington');
insert into review (Movie_ID, Reviewer_ID, Rating, Review, Reviewer_Name, City) values (29, 69, 8.2, 'I like it', 'Jennifer Aymes', 'Manchester');
insert into review (Movie_ID, Reviewer_ID, Rating, Review, Reviewer_Name, City) values (29, 70, 8.3, 'Lovely', 'Julie Walters', 'Orpington');
insert into review (Movie_ID, Reviewer_ID, Rating, Review, Reviewer_Name, City) values (29, 71, 9.3, 'Great. But the sequel franchise is not as good and the ideas were copied. They can never match Lucas', 'Charlie Landley', 'Leeds');
insert into review (Movie_ID, Reviewer_ID, Rating, Review, Reviewer_Name, City) values (29, 72, 8.43, 'Star wars and may the force be with us', 'Joseph Pine', 'London');
insert into review (Movie_ID, Reviewer_ID, Rating, Review, Reviewer_Name, City) values (29, 73, 9.3, 'Excellent', 'Barry Richards', 'Kent');
insert into review (Movie_ID, Reviewer_ID, Rating, Review, Reviewer_Name, City) values (30, 74, 8.3, 'Was never a Transformer fan until now', 'Richard Lamp', 'London');
insert into review (Movie_ID, Reviewer_ID, Rating, Review, Reviewer_Name, City) values (30, 75, 7.0, 'Give it a 7 because too much violence but overall good movie', 'Jerry', 'London');
insert into review (Movie_ID, Reviewer_ID, Rating, Review, Reviewer_Name, City) values (30, 76, 8.0, 'Amazing fight scenes and special effects', 'Jessie Youth', 'Leeds');
insert into review (Movie_ID, Reviewer_ID, Rating, Review, Reviewer_Name, City) values (30, 77, 8.2, 'Must watch', 'Jane Hill', 'Orpington');
insert into review (Movie_ID, Reviewer_ID, Rating, Review, Reviewer_Name, City) values (31, 78, 7.8, 'Best Transformers movie so far', 'Richard Lamp', 'London');
insert into review (Movie_ID, Reviewer_ID, Rating, Review, Reviewer_Name, City) values (31, 79, 8.4, 'I loved it', 'Roger', 'London');
insert into review (Movie_ID, Reviewer_ID, Rating, Review, Reviewer_Name, City) values (31, 80, 8.2, 'Great movie', 'Mark Bastian', 'York');
insert into review (Movie_ID, Reviewer_ID, Rating, Review, Reviewer_Name, City) values (31, 81, 9.0, 'Great. I am a fan of the whole franchise so far', 'Jane Doe', 'Oxford');
insert into review (Movie_ID, Reviewer_ID, Rating, Review, Reviewer_Name, City) values (31, 82, 8.73, 'Great sequel to an excellent franchise so far', 'Paul Hester', 'London');
insert into review (Movie_ID, Reviewer_ID, Rating, Review, Reviewer_Name, City) values (31, 83, 7.9, 'Excellent', 'Paul Trust', 'Brighton');

insert into review (Movie_ID, Reviewer_ID, Rating, Review, Reviewer_Name, City) values (33, 84, 5.8, 'Watchable', 'Andrea Summers', 'Leeds');
insert into review (Movie_ID, Reviewer_ID, Rating, Review, Reviewer_Name, City) values (33, 85, 4.9, 'Started well then plot drifted', 'Julie Walters', 'Orpington');
insert into review (Movie_ID, Reviewer_ID, Rating, Review, Reviewer_Name, City) values (33, 86, 6.1, 'Was surprised', 'Jill Tractor', 'Oxford');


